{"data":{"allFile":{"edges":[{"node":{"name":"IMG-20181222-WA0005","extension":"jpg"}},{"node":{"name":"IMG-20210220-WA0066","extension":"jpg"}},{"node":{"name":"IMG_20201210_161108","extension":"jpg"}},{"node":{"name":"IMG_20201216_191909","extension":"jpg"}},{"node":{"name":"IMG_20210525_142610","extension":"jpg"}},{"node":{"name":"IMG_20210525_142703","extension":"jpg"}},{"node":{"name":"IMG-20181106-WA0006","extension":"jpg"}},{"node":{"name":"IMG_20200513_133207","extension":"jpg"}},{"node":{"name":"IMG_20210220_104537","extension":"jpg"}},{"node":{"name":"IMG_20210510_161857","extension":"jpg"}},{"node":{"name":"IMG_20210510_161914","extension":"jpg"}},{"node":{"name":"IMG_20210511_145522","extension":"jpg"}},{"node":{"name":"IMG_20210101_232414","extension":"jpg"}},{"node":{"name":"IMG-20180202-WA0035","extension":"jpg"}},{"node":{"name":"IMG-20191019-WA0064","extension":"jpg"}},{"node":{"name":"IMG_20200728_102716","extension":"jpg"}},{"node":{"name":"IMG_20200513_134909","extension":"jpg"}},{"node":{"name":"IMG_20210319_163850","extension":"jpg"}},{"node":{"name":"IMG_20210320_113212","extension":"jpg"}},{"node":{"name":"IMG_20210302_112907","extension":"jpg"}},{"node":{"name":"DSC_0333","extension":"jpg"}},{"node":{"name":"photo3","extension":"jpg"}},{"node":{"name":"photo2","extension":"jpg"}},{"node":{"name":"IMG_20181103_150411_HDR","extension":"jpg"}},{"node":{"name":"DSC_0313","extension":"jpg"}},{"node":{"name":"IMG_20180908_165358_HDR","extension":"jpg"}},{"node":{"name":"IMG_20190122_180441_HDR","extension":"jpg"}},{"node":{"name":"IMG_20180908_165013_HDR","extension":"jpg"}},{"node":{"name":"IMG_20191008_181707","extension":"jpg"}},{"node":{"name":"international_trade","extension":"jpg"}},{"node":{"name":"DSC_0343","extension":"jpg"}},{"node":{"name":"DSC_0344","extension":"jpg"}},{"node":{"name":"IMG_20190122_172711_HDR","extension":"jpg"}},{"node":{"name":"IMG_20181103_093937_HDR","extension":"jpg"}},{"node":{"name":"IMG_20181109_144839_HDR","extension":"jpg"}},{"node":{"name":"IMG_20190419_075153_HDR","extension":"jpg"}},{"node":{"name":"DSCF6618","extension":"jpg"}},{"node":{"name":"IMG20181221141709","extension":"jpg"}},{"node":{"name":"IMG_20200330_150845","extension":"jpg"}},{"node":{"name":"IMG_20170725_112948","extension":"jpg"}}]}}}