{"/*":["X-Frame-Options: DENY","X-XSS-Protection: 1; mode=block","X-Content-Type-Options: nosniff","Referrer-Policy: same-origin"],"/component---src-pages-404-jsx-a213e937e77184f4cebc.js":["Cache-Control: public, max-age=31536000, immutable"],"/5e2a4920-5f2f518684681c4e6bdb.js":["Cache-Control: public, max-age=31536000, immutable"],"/0df068fc09ebdbef0ee261d6d8fc3ddd55284895-3e0662a7b77819aa262a.js":["Cache-Control: public, max-age=31536000, immutable"],"/component---src-pages-about-jsx-c286a460666c3d7b94ae.js":["Cache-Control: public, max-age=31536000, immutable"],"/styles.23721bc5cf2587827ba8.css":["Cache-Control: public, max-age=31536000, immutable"],"/component---src-pages-galery-jsx-85e967c8a49f1b306315.js":["Cache-Control: public, max-age=31536000, immutable"],"/1bfc9850-89e073ef2ce78ba7a4b5.js":["Cache-Control: public, max-age=31536000, immutable"],"/1a48c3c1-3e5e5a99df0b4041921f.js":["Cache-Control: public, max-age=31536000, immutable"],"/d7eeaac4-f41c16b1eb723c86db97.js":["Cache-Control: public, max-age=31536000, immutable"],"/component---src-pages-index-jsx-37e5db760ebb3ef8ada3.js":["Cache-Control: public, max-age=31536000, immutable"],"/component---src-pages-service-jsx-0491bc862b0b49feaace.js":["Cache-Control: public, max-age=31536000, immutable"],"/webpack-runtime-9518ddb4561a86699f20.js":["Cache-Control: public, max-age=31536000, immutable"],"/framework-7513860a2be0155a4fba.js":["Cache-Control: public, max-age=31536000, immutable"],"/app-1d0ad7622043a4ee4e46.js":["Cache-Control: public, max-age=31536000, immutable"],"/static/*":["Cache-Control: public, max-age=31536000, immutable"],"/sw.js":["Cache-Control: public, max-age=0, must-revalidate"],"/404/":["Link: </webpack-runtime-9518ddb4561a86699f20.js>; rel=preload; as=script; nopush","Link: </framework-7513860a2be0155a4fba.js>; rel=preload; as=script; nopush","Link: </app-1d0ad7622043a4ee4e46.js>; rel=preload; as=script; nopush","Link: </component---src-pages-404-jsx-a213e937e77184f4cebc.js>; rel=preload; as=script; nopush","Link: </page-data/app-data.json>; rel=preload; as=fetch; crossorigin; nopush","Link: </page-data/404/page-data.json>; rel=preload; as=fetch; crossorigin; nopush"],"/404.html":["Link: </webpack-runtime-9518ddb4561a86699f20.js>; rel=preload; as=script; nopush","Link: </framework-7513860a2be0155a4fba.js>; rel=preload; as=script; nopush","Link: </app-1d0ad7622043a4ee4e46.js>; rel=preload; as=script; nopush","Link: </component---src-pages-404-jsx-a213e937e77184f4cebc.js>; rel=preload; as=script; nopush","Link: </page-data/app-data.json>; rel=preload; as=fetch; crossorigin; nopush","Link: </page-data/404.html/page-data.json>; rel=preload; as=fetch; crossorigin; nopush"],"/about/":["Link: </webpack-runtime-9518ddb4561a86699f20.js>; rel=preload; as=script; nopush","Link: </framework-7513860a2be0155a4fba.js>; rel=preload; as=script; nopush","Link: </app-1d0ad7622043a4ee4e46.js>; rel=preload; as=script; nopush","Link: </5e2a4920-5f2f518684681c4e6bdb.js>; rel=preload; as=script; nopush","Link: </0df068fc09ebdbef0ee261d6d8fc3ddd55284895-3e0662a7b77819aa262a.js>; rel=preload; as=script; nopush","Link: </component---src-pages-about-jsx-c286a460666c3d7b94ae.js>; rel=preload; as=script; nopush","Link: </page-data/app-data.json>; rel=preload; as=fetch; crossorigin; nopush","Link: </page-data/about/page-data.json>; rel=preload; as=fetch; crossorigin; nopush"],"/galery/":["Link: </webpack-runtime-9518ddb4561a86699f20.js>; rel=preload; as=script; nopush","Link: </framework-7513860a2be0155a4fba.js>; rel=preload; as=script; nopush","Link: </app-1d0ad7622043a4ee4e46.js>; rel=preload; as=script; nopush","Link: </5e2a4920-5f2f518684681c4e6bdb.js>; rel=preload; as=script; nopush","Link: </0df068fc09ebdbef0ee261d6d8fc3ddd55284895-3e0662a7b77819aa262a.js>; rel=preload; as=script; nopush","Link: </component---src-pages-galery-jsx-85e967c8a49f1b306315.js>; rel=preload; as=script; nopush","Link: </page-data/app-data.json>; rel=preload; as=fetch; crossorigin; nopush","Link: </page-data/galery/page-data.json>; rel=preload; as=fetch; crossorigin; nopush"],"/":["Link: </webpack-runtime-9518ddb4561a86699f20.js>; rel=preload; as=script; nopush","Link: </framework-7513860a2be0155a4fba.js>; rel=preload; as=script; nopush","Link: </app-1d0ad7622043a4ee4e46.js>; rel=preload; as=script; nopush","Link: </5e2a4920-5f2f518684681c4e6bdb.js>; rel=preload; as=script; nopush","Link: </1bfc9850-89e073ef2ce78ba7a4b5.js>; rel=preload; as=script; nopush","Link: </1a48c3c1-3e5e5a99df0b4041921f.js>; rel=preload; as=script; nopush","Link: </d7eeaac4-f41c16b1eb723c86db97.js>; rel=preload; as=script; nopush","Link: </0df068fc09ebdbef0ee261d6d8fc3ddd55284895-3e0662a7b77819aa262a.js>; rel=preload; as=script; nopush","Link: </component---src-pages-index-jsx-37e5db760ebb3ef8ada3.js>; rel=preload; as=script; nopush","Link: </page-data/app-data.json>; rel=preload; as=fetch; crossorigin; nopush","Link: </page-data/index/page-data.json>; rel=preload; as=fetch; crossorigin; nopush"],"/service/":["Link: </webpack-runtime-9518ddb4561a86699f20.js>; rel=preload; as=script; nopush","Link: </framework-7513860a2be0155a4fba.js>; rel=preload; as=script; nopush","Link: </app-1d0ad7622043a4ee4e46.js>; rel=preload; as=script; nopush","Link: </5e2a4920-5f2f518684681c4e6bdb.js>; rel=preload; as=script; nopush","Link: </0df068fc09ebdbef0ee261d6d8fc3ddd55284895-3e0662a7b77819aa262a.js>; rel=preload; as=script; nopush","Link: </component---src-pages-service-jsx-0491bc862b0b49feaace.js>; rel=preload; as=script; nopush","Link: </page-data/app-data.json>; rel=preload; as=fetch; crossorigin; nopush","Link: </page-data/service/page-data.json>; rel=preload; as=fetch; crossorigin; nopush"]}