{"polyfill":["/polyfill-a85ea05c53b7f26f6e7b.js"],"app":["/app-1d0ad7622043a4ee4e46.js"],"component---src-pages-404-jsx":["/component---src-pages-404-jsx-a213e937e77184f4cebc.js"],"component---src-pages-about-jsx":["/component---src-pages-about-jsx-c286a460666c3d7b94ae.js"],"component---src-pages-galery-jsx":["/component---src-pages-galery-jsx-85e967c8a49f1b306315.js"],"component---src-pages-index-jsx":["/component---src-pages-index-jsx-37e5db760ebb3ef8ada3.js"],"component---src-pages-service-jsx":["/component---src-pages-service-jsx-0491bc862b0b49feaace.js"]}