{"namedChunkGroups":{"polyfill":{"name":"polyfill","assets":[{"name":"webpack-runtime-9518ddb4561a86699f20.js","size":5335},{"name":"polyfill-a85ea05c53b7f26f6e7b.js","size":82649}],"filteredAssets":0,"assetsSize":87984,"filteredAuxiliaryAssets":2,"auxiliaryAssetsSize":221908},"app":{"name":"app","assets":[{"name":"webpack-runtime-9518ddb4561a86699f20.js","size":5335},{"name":"styles.23721bc5cf2587827ba8.css","size":34252},{"name":"framework-7513860a2be0155a4fba.js","size":128995},{"name":"app-1d0ad7622043a4ee4e46.js","size":72816}],"filteredAssets":0,"assetsSize":241398,"filteredAuxiliaryAssets":3,"auxiliaryAssetsSize":664150},"component---src-pages-404-jsx":{"name":"component---src-pages-404-jsx","assets":[{"name":"component---src-pages-404-jsx-a213e937e77184f4cebc.js","size":827}],"filteredAssets":0,"assetsSize":827,"filteredAuxiliaryAssets":1,"auxiliaryAssetsSize":2004},"component---src-pages-about-jsx":{"name":"component---src-pages-about-jsx","assets":[{"name":"5e2a4920-5f2f518684681c4e6bdb.js","size":2030},{"name":"0df068fc09ebdbef0ee261d6d8fc3ddd55284895-3e0662a7b77819aa262a.js","size":100861},{"name":"component---src-pages-about-jsx-c286a460666c3d7b94ae.js","size":3206}],"filteredAssets":0,"assetsSize":106097,"filteredAuxiliaryAssets":4,"auxiliaryAssetsSize":1995058},"component---src-pages-galery-jsx":{"name":"component---src-pages-galery-jsx","assets":[{"name":"styles.23721bc5cf2587827ba8.css","size":34252},{"name":"5e2a4920-5f2f518684681c4e6bdb.js","size":2030},{"name":"0df068fc09ebdbef0ee261d6d8fc3ddd55284895-3e0662a7b77819aa262a.js","size":100861},{"name":"component---src-pages-galery-jsx-85e967c8a49f1b306315.js","size":16024}],"filteredAssets":0,"assetsSize":153167,"filteredAuxiliaryAssets":43,"auxiliaryAssetsSize":37124317},"component---src-pages-index-jsx":{"name":"component---src-pages-index-jsx","assets":[{"name":"5e2a4920-5f2f518684681c4e6bdb.js","size":2030},{"name":"1bfc9850-89e073ef2ce78ba7a4b5.js","size":880},{"name":"1a48c3c1-3e5e5a99df0b4041921f.js","size":634},{"name":"d7eeaac4-f41c16b1eb723c86db97.js","size":694},{"name":"0df068fc09ebdbef0ee261d6d8fc3ddd55284895-3e0662a7b77819aa262a.js","size":100861},{"name":"component---src-pages-index-jsx-37e5db760ebb3ef8ada3.js","size":74354}],"filteredAssets":0,"assetsSize":179453,"filteredAuxiliaryAssets":13,"auxiliaryAssetsSize":6632499},"component---src-pages-service-jsx":{"name":"component---src-pages-service-jsx","assets":[{"name":"5e2a4920-5f2f518684681c4e6bdb.js","size":2030},{"name":"0df068fc09ebdbef0ee261d6d8fc3ddd55284895-3e0662a7b77819aa262a.js","size":100861},{"name":"component---src-pages-service-jsx-0491bc862b0b49feaace.js","size":4138}],"filteredAssets":0,"assetsSize":107029,"filteredAuxiliaryAssets":4,"auxiliaryAssetsSize":1996390}},"assetsByChunkName":{"polyfill":["webpack-runtime-9518ddb4561a86699f20.js","polyfill-a85ea05c53b7f26f6e7b.js"],"app":["webpack-runtime-9518ddb4561a86699f20.js","styles.23721bc5cf2587827ba8.css","framework-7513860a2be0155a4fba.js","app-1d0ad7622043a4ee4e46.js"],"component---src-pages-404-jsx":["component---src-pages-404-jsx-a213e937e77184f4cebc.js"],"component---src-pages-about-jsx":["5e2a4920-5f2f518684681c4e6bdb.js","0df068fc09ebdbef0ee261d6d8fc3ddd55284895-3e0662a7b77819aa262a.js","component---src-pages-about-jsx-c286a460666c3d7b94ae.js"],"component---src-pages-galery-jsx":["styles.23721bc5cf2587827ba8.css","5e2a4920-5f2f518684681c4e6bdb.js","0df068fc09ebdbef0ee261d6d8fc3ddd55284895-3e0662a7b77819aa262a.js","component---src-pages-galery-jsx-85e967c8a49f1b306315.js"],"component---src-pages-index-jsx":["5e2a4920-5f2f518684681c4e6bdb.js","1bfc9850-89e073ef2ce78ba7a4b5.js","1a48c3c1-3e5e5a99df0b4041921f.js","d7eeaac4-f41c16b1eb723c86db97.js","0df068fc09ebdbef0ee261d6d8fc3ddd55284895-3e0662a7b77819aa262a.js","component---src-pages-index-jsx-37e5db760ebb3ef8ada3.js"],"component---src-pages-service-jsx":["5e2a4920-5f2f518684681c4e6bdb.js","0df068fc09ebdbef0ee261d6d8fc3ddd55284895-3e0662a7b77819aa262a.js","component---src-pages-service-jsx-0491bc862b0b49feaace.js"]},"childAssetsByChunkName":{}}